{
  "main": {
    "name":"Chetan Goyal",
    "occupation":"(Your Occupation Here)",
    "description":"Here will be your description. Use this to describe what you do or whatever you feel best describes yourself to a potential employer",
    "image":"profilepic.jpg",
    "bio":"Use this bio section as your way of describing yourself and saying what you do, what technologies you like to use or feel most comfortable with, describing your personality, or whatever else you feel like throwing in.",
    "contactmessage":"Here is where you should write your message to readers to have them get in contact with you.",
    "dob":"September 28, 1980",
    "email": "youremailhere@gmail.com",
    "phone": "9896969246",
    "address":{
      "street":"CA",
      "city":"(Your City)",
      "state":"(Your State)",
      "zip": "(Your Zip/Postal Code)"
    },

    "educationCollege":      {
        "year":"2014-2015",
        "university":"ABCD University",
        "degree":"Masters in Beer tasting",
        "graduated":"April 2007",
        "description":"Describe your experience at school, what you learned, what useful skills you have acquired etc."
      },


      "work":
        {
          "company":"Awesome Design Studio",
          "title":"Senior UX God ",
          "years":"March 2010 - Present",
          "description":"Describe work, special projects, notable achievements, what technologies you have been working with, and anything else that would be useful for an employer to know."
        },

        
    "website": "www.timbakerdev.com",
    "resumedownload":"http://timbakerdev.com",

     "project1":"Branding Illustration Design" ,
     "project1Desc":"Web Design",
     "project2":"Branding Illustration Design" ,
     "project2Desc":"Web Design",
     "project3":"Branding Illustration Design" ,
     "project3Desc":"Web Design",
     "project4":"Branding Illustration Design" ,
     "project4Desc":"Web Design",
     "project5":"Branding Illustration Design" ,
     "project5Desc":"Web Design",  
     "project6":"Branding Illustration Design" ,
     "project6Desc":"Web Design",  


    "social":[
      {
        "name":"facebook",
        "url":"http://facebook.com/tim.baker.906",
        "className":"fa fa-facebook"
      },
      {
        "name":"twitter",
        "url":"http://twitter.com",
        "className":"fa fa-twitter"
      },
      {
        "name":"google-plus",
        "url":"http://googleplus.com/tbakerx",
        "className":"fa fa-google-plus"
      },
      {
        "name":"linkedin",
        "url":"https://www.linkedin.com/in/tim-baker-8420009a/",
        "className":"fa fa-linkedin"
      },
      {
        "name":"instagram",
        "url":"http://instagram.com/tbaker_x",
        "className":"fa fa-instagram"
      },
      {
        "name":"github",
        "url":"http://github.com/tbakerx",
        "className":"fa fa-github"
      },
      {
        "name":"skype",
        "url":"http://skype.com",
        "className":"fa fa-skype"
      }
    ]
  }
 
  
}
